{
  "commissionTitle": "委托申请",
  "commissionDescription": "为您量身定制。",
  "commissionImageUrl": "https://placehold.co/600x800.png",
  "adoptionTitle": "设定领养",
  "adoptionDescription": "领养一个预先设计的角色。",
  "adoptionImageUrl": "https://placehold.co/600x800.png",
  "adoptionPageDescription": "给这些预先设计的角色一个家。",
  "commissionPageDescription": "选择一个基础套餐开始您的定制兽装之旅。",
  "adminEmail": "haxiswoins@qq.com",
  "homeBackgroundImageUrl": null,
  "sunriseHour": 6,
  "sunsetHour": 18,
  "contactInfo": "邮箱号（haxiswoins@qq.com），QQ号（805909541）"
}
